,alive,dead,total,Cabin
A,7.0,8.0,15.0,0.4666666666666667
B,35.0,12.0,47.0,0.7446808510638298
C,35.0,24.0,59.0,0.5932203389830508
D,25.0,8.0,33.0,0.7575757575757576
E,24.0,8.0,32.0,0.75
F,8.0,5.0,13.0,0.6153846153846154
G,2.0,2.0,4.0,0.5
T,0.0,1.0,1.0,0.0
