,alive,dead,total,Embarked
S,217,427,644,0.33695652173913043
C,93,75,168,0.5535714285714286
Q,30,47,77,0.38961038961038963
