,alive,dead,total,Fare
"(-1.0, 7.5]",12.0,75.0,87.0,0.13793103448275862
"(7.5, 8.0]",40.0,114.0,154.0,0.2597402597402597
"(8.0, 10.0]",15.0,80.0,95.0,0.15789473684210525
"(10.0, 15.0]",47.0,75.0,122.0,0.38524590163934425
"(15.0, 25.0]",46.0,53.0,99.0,0.46464646464646464
"(25.0, 35.0]",59.0,77.0,136.0,0.4338235294117647
"(35.0, 70.0]",47.0,46.0,93.0,0.5053763440860215
"(70.0, 600.0]",76.0,29.0,105.0,0.7238095238095238
