,alive,dead,total,Parch
0,233.0,445,678.0,0.34365781710914456
1,65.0,53,118.0,0.5508474576271186
2,40.0,40,80.0,0.5
3,3.0,2,5.0,0.6
4,0.0,4,4.0,0.0
5,1.0,4,5.0,0.2
6,0.0,1,1.0,0.0
