,alive,dead,total,PassengerId
"(-1.0, 7.5]",3.0,4.0,7.0,0.42857142857142855
"(7.5, 8.0]",0.0,1.0,1.0,0.0
"(8.0, 10.0]",2.0,0.0,2.0,1.0
"(10.0, 15.0]",2.0,3.0,5.0,0.4
"(15.0, 25.0]",6.0,4.0,10.0,0.6
"(25.0, 35.0]",4.0,6.0,10.0,0.4
"(35.0, 70.0]",14.0,21.0,35.0,0.4
"(70.0, 600.0]",205.0,325.0,530.0,0.3867924528301887
