,alive,dead,total,Pclass
1,136,80,216,0.6296296296296297
2,87,97,184,0.47282608695652173
3,119,372,491,0.24236252545824846
