,alive,dead,total,Sex
female,233,81,314,0.7420382165605095
male,109,468,577,0.18890814558058924
