,alive,dead,total,SibSp
0,210.0,398,608.0,0.34539473684210525
1,112.0,97,209.0,0.5358851674641149
2,13.0,15,28.0,0.4642857142857143
3,4.0,12,16.0,0.25
4,3.0,15,18.0,0.16666666666666666
5,0.0,5,5.0,0.0
8,0.0,7,7.0,0.0
